{
  "os":  "Windows-11-10.0.26100-SP0",
  "python":  "CPython 3.13.2",
  "startedAt":  "2025-04-01T07:58:28.311178Z",
  "program":  "c:\\Users\\Akshat Kothari\\Desktop\\Traffic-Lights-Genetic-Algorithm-main (2)\\Traffic-Lights-Genetic-Algorithm-main\\Traffic-Lights-Genetic-Algorithm-main\\main_run.ipynb",
  "codePath":  "main_run.ipynb",
  "email":  "parin.p@ahduni.edu.in",
  "root":  "c:\\Users\\Akshat Kothari\\Desktop\\Traffic-Lights-Genetic-Algorithm-main (2)\\Traffic-Lights-Genetic-Algorithm-main\\Traffic-Lights-Genetic-Algorithm-main",
  "host":  "LAPTOP-8V7384AB",
  "executable":  "c:\\Program Files\\Python313\\python.exe",
  "codePathLocal":  "main_run.ipynb",
  "cpu_count":  16,
  "cpu_count_logical":  22,
  "gpu":  "NVIDIA GeForce RTX 4060 Laptop GPU",
  "gpu_count":  1,
  "disk":  {
    "/":  {
      "total":  "1023072530432",
      "used":  "235521298432"
    }
  },
  "memory":  {
    "total":  "16567320576"
  },
  "cpu":  {
    "count":  16,
    "countLogical":  22
  },
  "gpu_nvidia":  [
    {
      "name":  "NVIDIA GeForce RTX 4060 Laptop GPU",
      "memoryTotal":  "8585740288",
      "cudaCores":  3072,
      "architecture":  "Ada"
    }
  ],
  "cudaVersion":  "12.6"
}