{
  "os":  "Windows-11-10.0.26100-SP0",
  "python":  "CPython 3.12.1",
  "startedAt":  "2025-03-25T05:56:27.292327Z",
  "program":  "c:\\Users\\Lenovo-IT\\Downloads\\Traffic-Lights-Genetic-Algorithm-main\\Traffic-Lights-Genetic-Algorithm-main\\main_run.ipynb",
  "codePath":  "main_run.ipynb",
  "email":  "parin.p@ahduni.edu.in",
  "root":  "c:\\Users\\Lenovo-IT\\Downloads\\Traffic-Lights-Genetic-Algorithm-main\\Traffic-Lights-Genetic-Algorithm-main",
  "host":  "Lenovo",
  "executable":  "c:\\Program Files\\Python312\\python.exe",
  "codePathLocal":  "main_run.ipynb",
  "cpu_count":  4,
  "cpu_count_logical":  8,
  "gpu":  "NVIDIA GeForce MX250",
  "gpu_count":  1,
  "disk":  {
    "/":  {
      "total":  "289660727296",
      "used":  "150075523072"
    }
  },
  "memory":  {
    "total":  "8376602624"
  },
  "cpu":  {
    "count":  4,
    "countLogical":  8
  },
  "gpu_nvidia":  [
    {
      "name":  "NVIDIA GeForce MX250",
      "memoryTotal":  "2147483648",
      "cudaCores":  384,
      "architecture":  "Pascal"
    }
  ],
  "cudaVersion":  "12.1"
}