<?xml version="1.0" encoding="UTF-8"?>

<!-- generated on 2025-04-01 16:11:42 by Eclipse SUMO duarouter Version 1.22.0
<duarouterConfiguration xmlns:xsi="http://www.w3.org/2001/XMLSchema-instance" xsi:noNamespaceSchemaLocation="http://sumo.dlr.de/xsd/duarouterConfiguration.xsd">

    <input>
        <net-file value="Manhattan5x3.net.xml"/>
        <route-files value="trips.trips.xml"/>
    </input>

    <output>
        <output-file value="Manhattan5x3.rou.xml"/>
    </output>

    <time>
        <end value="500.0"/>
    </time>

    <report>
        <ignore-errors value="true"/>
    </report>

</duarouterConfiguration>
-->

<routes xmlns:xsi="http://www.w3.org/2001/XMLSchema-instance" xsi:noNamespaceSchemaLocation="http://sumo.dlr.de/xsd/routes_file.xsd">
    <vehicle id="0" depart="0.00">
        <route edges="A1A0"/>
    </vehicle>
    <vehicle id="1" depart="0.40">
        <route edges="B1B0"/>
    </vehicle>
    <vehicle id="4" depart="1.60">
        <route edges="A1A0"/>
    </vehicle>
    <vehicle id="5" depart="2.00">
        <route edges="B1B0"/>
    </vehicle>
    <vehicle id="6" depart="2.40">
        <route edges="A1A0 A0B0 B0C0"/>
    </vehicle>
    <vehicle id="8" depart="3.20">
        <route edges="B1B0"/>
    </vehicle>
    <vehicle id="9" depart="3.60">
        <route edges="A0A1"/>
    </vehicle>
    <vehicle id="13" depart="5.20">
        <route edges="A2B2"/>
    </vehicle>
    <vehicle id="20" depart="8.00">
        <route edges="A1A2"/>
    </vehicle>
    <vehicle id="21" depart="8.40">
        <route edges="B1B2 B2C2"/>
    </vehicle>
    <vehicle id="22" depart="8.80">
        <route edges="B1B2"/>
    </vehicle>
    <vehicle id="25" depart="10.00">
        <route edges="B1A1"/>
    </vehicle>
    <vehicle id="26" depart="10.40">
        <route edges="B2B1"/>
    </vehicle>
    <vehicle id="28" depart="11.20">
        <route edges="B0A0"/>
    </vehicle>
    <vehicle id="29" depart="11.60">
        <route edges="B0A0"/>
    </vehicle>
    <vehicle id="33" depart="13.20">
        <route edges="B1B2 B2A2 A2A1 A1A0"/>
    </vehicle>
    <vehicle id="34" depart="13.60">
        <route edges="B2B1"/>
    </vehicle>
    <vehicle id="35" depart="14.00">
        <route edges="B1A1"/>
    </vehicle>
    <vehicle id="37" depart="14.80">
        <route edges="C0B0"/>
    </vehicle>
    <vehicle id="38" depart="15.20">
        <route edges="C1C2"/>
    </vehicle>
    <vehicle id="39" depart="15.60">
        <route edges="B2B1 B1C1"/>
    </vehicle>
    <vehicle id="40" depart="16.00">
        <route edges="B2B1"/>
    </vehicle>
    <vehicle id="42" depart="16.80">
        <route edges="C0B0 B0B1 B1B0"/>
    </vehicle>
    <vehicle id="44" depart="17.60">
        <route edges="A2B2 B2B1 B1A1 A1A2"/>
    </vehicle>
    <vehicle id="47" depart="18.80">
        <route edges="A2A1"/>
    </vehicle>
    <vehicle id="50" depart="20.00">
        <route edges="A0A1"/>
    </vehicle>
    <vehicle id="52" depart="20.80">
        <route edges="B2B1"/>
    </vehicle>
    <vehicle id="53" depart="21.20">
        <route edges="C1B1"/>
    </vehicle>
    <vehicle id="54" depart="21.60">
        <route edges="C1C2"/>
    </vehicle>
    <vehicle id="55" depart="22.00">
        <route edges="B2B1"/>
    </vehicle>
    <vehicle id="56" depart="22.40">
        <route edges="B0B1"/>
    </vehicle>
    <vehicle id="58" depart="23.20">
        <route edges="B2C2"/>
    </vehicle>
    <vehicle id="62" depart="24.80">
        <route edges="A0A1"/>
    </vehicle>
    <vehicle id="63" depart="25.20">
        <route edges="A0B0"/>
    </vehicle>
    <vehicle id="65" depart="26.00">
        <route edges="A1B1"/>
    </vehicle>
    <vehicle id="67" depart="26.80">
        <route edges="C2B2"/>
    </vehicle>
    <vehicle id="68" depart="27.20">
        <route edges="A2A1"/>
    </vehicle>
    <vehicle id="70" depart="28.00">
        <route edges="C2B2"/>
    </vehicle>
    <vehicle id="71" depart="28.40">
        <route edges="B2B1"/>
    </vehicle>
    <vehicle id="72" depart="28.80">
        <route edges="B1A1"/>
    </vehicle>
    <vehicle id="74" depart="29.60">
        <route edges="B1A1"/>
    </vehicle>
    <vehicle id="76" depart="30.40">
        <route edges="C1C0"/>
    </vehicle>
    <vehicle id="77" depart="30.80">
        <route edges="B1B0"/>
    </vehicle>
    <vehicle id="79" depart="31.60">
        <route edges="B1B2 B2B1 B1B0"/>
    </vehicle>
    <vehicle id="80" depart="32.00">
        <route edges="A2A1"/>
    </vehicle>
    <vehicle id="81" depart="32.40">
        <route edges="B1B2"/>
    </vehicle>
    <vehicle id="82" depart="32.80">
        <route edges="A2A1"/>
    </vehicle>
    <vehicle id="83" depart="33.20">
        <route edges="B1C1"/>
    </vehicle>
    <vehicle id="84" depart="33.60">
        <route edges="B1B0"/>
    </vehicle>
    <vehicle id="87" depart="34.80">
        <route edges="B0C0"/>
    </vehicle>
    <vehicle id="88" depart="35.20">
        <route edges="A2B2 B2C2 C2C1 C1B1"/>
    </vehicle>
    <vehicle id="91" depart="36.40">
        <route edges="A2B2"/>
    </vehicle>
    <vehicle id="92" depart="36.80">
        <route edges="C0C1"/>
    </vehicle>
    <vehicle id="93" depart="37.20">
        <route edges="B1C1"/>
    </vehicle>
    <vehicle id="94" depart="37.60">
        <route edges="B0C0 C0C1 C1C0"/>
    </vehicle>
    <vehicle id="96" depart="38.40">
        <route edges="B1C1"/>
    </vehicle>
    <vehicle id="97" depart="38.80">
        <route edges="C1C0"/>
    </vehicle>
    <vehicle id="98" depart="39.20">
        <route edges="A1B1"/>
    </vehicle>
    <vehicle id="101" depart="40.40">
        <route edges="B0A0"/>
    </vehicle>
    <vehicle id="102" depart="40.80">
        <route edges="C2B2 B2B1 B1B0"/>
    </vehicle>
    <vehicle id="103" depart="41.20">
        <route edges="C0C1 C1B1 B1A1 A1B1"/>
    </vehicle>
    <vehicle id="105" depart="42.00">
        <route edges="B2B1"/>
    </vehicle>
    <vehicle id="106" depart="42.40">
        <route edges="C1C2"/>
    </vehicle>
    <vehicle id="109" depart="43.60">
        <route edges="B2C2"/>
    </vehicle>
    <vehicle id="112" depart="44.80">
        <route edges="A1B1"/>
    </vehicle>
    <vehicle id="115" depart="46.00">
        <route edges="B0B1"/>
    </vehicle>
    <vehicle id="117" depart="46.80">
        <route edges="B1B2"/>
    </vehicle>
    <vehicle id="118" depart="47.20">
        <route edges="B1C1"/>
    </vehicle>
    <vehicle id="122" depart="48.80">
        <route edges="B1A1"/>
    </vehicle>
    <vehicle id="123" depart="49.20">
        <route edges="B1C1 C1C0 C0B0"/>
    </vehicle>
    <vehicle id="124" depart="49.60">
        <route edges="B2C2"/>
    </vehicle>
    <vehicle id="126" depart="50.40">
        <route edges="A2A1 A1B1 B1C1 C1C2"/>
    </vehicle>
    <vehicle id="128" depart="51.20">
        <route edges="A2A1 A1B1 B1B0"/>
    </vehicle>
    <vehicle id="129" depart="51.60">
        <route edges="B2B1"/>
    </vehicle>
    <vehicle id="134" depart="53.60">
        <route edges="A0A1"/>
    </vehicle>
    <vehicle id="135" depart="54.00">
        <route edges="B2C2"/>
    </vehicle>
    <vehicle id="139" depart="55.60">
        <route edges="B2B1"/>
    </vehicle>
    <vehicle id="140" depart="56.00">
        <route edges="B1A1"/>
    </vehicle>
    <vehicle id="141" depart="56.40">
        <route edges="B2B1"/>
    </vehicle>
    <vehicle id="142" depart="56.80">
        <route edges="C2C1"/>
    </vehicle>
    <vehicle id="143" depart="57.20">
        <route edges="A2B2"/>
    </vehicle>
    <vehicle id="145" depart="58.00">
        <route edges="A0A1"/>
    </vehicle>
    <vehicle id="146" depart="58.40">
        <route edges="B2A2"/>
    </vehicle>
    <vehicle id="148" depart="59.20">
        <route edges="C1B1 B1B0 B0A0 A0A1"/>
    </vehicle>
    <vehicle id="155" depart="62.00">
        <route edges="B1A1"/>
    </vehicle>
    <vehicle id="156" depart="62.40">
        <route edges="B1C1"/>
    </vehicle>
    <vehicle id="158" depart="63.20">
        <route edges="C0C1"/>
    </vehicle>
    <vehicle id="162" depart="64.80">
        <route edges="A0B0"/>
    </vehicle>
    <vehicle id="165" depart="66.00">
        <route edges="B2B1"/>
    </vehicle>
    <vehicle id="168" depart="67.20">
        <route edges="B1B0"/>
    </vehicle>
    <vehicle id="169" depart="67.60">
        <route edges="C1C2"/>
    </vehicle>
    <vehicle id="170" depart="68.00">
        <route edges="B1B2"/>
    </vehicle>
    <vehicle id="171" depart="68.40">
        <route edges="A0B0 B0C0"/>
    </vehicle>
    <vehicle id="174" depart="69.60">
        <route edges="C0B0"/>
    </vehicle>
    <vehicle id="177" depart="70.80">
        <route edges="B0B1"/>
    </vehicle>
    <vehicle id="178" depart="71.20">
        <route edges="B2B1"/>
    </vehicle>
    <vehicle id="179" depart="71.60">
        <route edges="C1B1"/>
    </vehicle>
    <vehicle id="183" depart="73.20">
        <route edges="B2A2"/>
    </vehicle>
    <vehicle id="184" depart="73.60">
        <route edges="A0A1"/>
    </vehicle>
    <vehicle id="187" depart="74.80">
        <route edges="A2A1"/>
    </vehicle>
    <vehicle id="191" depart="76.40">
        <route edges="C0C1"/>
    </vehicle>
    <vehicle id="192" depart="76.80">
        <route edges="C0C1 C1B1 B1B2 B2C2"/>
    </vehicle>
    <vehicle id="197" depart="78.80">
        <route edges="A0A1"/>
    </vehicle>
    <vehicle id="198" depart="79.20">
        <route edges="C1B1"/>
    </vehicle>
    <vehicle id="200" depart="80.00">
        <route edges="C1C0 C0B0 B0B1 B1B0"/>
    </vehicle>
    <vehicle id="202" depart="80.80">
        <route edges="B0A0"/>
    </vehicle>
    <vehicle id="206" depart="82.40">
        <route edges="B1B0"/>
    </vehicle>
    <vehicle id="207" depart="82.80">
        <route edges="B0C0 C0C1 C1B1 B1A1 A1A0 A0B0"/>
    </vehicle>
    <vehicle id="208" depart="83.20">
        <route edges="B1C1 C1C2 C2B2"/>
    </vehicle>
    <vehicle id="209" depart="83.60">
        <route edges="A2A1"/>
    </vehicle>
    <vehicle id="211" depart="84.40">
        <route edges="B0C0"/>
    </vehicle>
    <vehicle id="212" depart="84.80">
        <route edges="C2C1 C1B1 B1C1"/>
    </vehicle>
    <vehicle id="213" depart="85.20">
        <route edges="A0A1"/>
    </vehicle>
    <vehicle id="215" depart="86.00">
        <route edges="C1B1"/>
    </vehicle>
    <vehicle id="216" depart="86.40">
        <route edges="B0B1"/>
    </vehicle>
    <vehicle id="217" depart="86.80">
        <route edges="A1B1"/>
    </vehicle>
    <vehicle id="218" depart="87.20">
        <route edges="B1C1"/>
    </vehicle>
    <vehicle id="219" depart="87.60">
        <route edges="C1C2"/>
    </vehicle>
    <vehicle id="226" depart="90.40">
        <route edges="B2A2"/>
    </vehicle>
    <vehicle id="227" depart="90.80">
        <route edges="B1C1"/>
    </vehicle>
    <vehicle id="229" depart="91.60">
        <route edges="B2B1"/>
    </vehicle>
    <vehicle id="231" depart="92.40">
        <route edges="B2B1"/>
    </vehicle>
    <vehicle id="233" depart="93.20">
        <route edges="B1B2"/>
    </vehicle>
    <vehicle id="234" depart="93.60">
        <route edges="A2A1"/>
    </vehicle>
    <vehicle id="235" depart="94.00">
        <route edges="C0C1"/>
    </vehicle>
    <vehicle id="236" depart="94.40">
        <route edges="B1A1"/>
    </vehicle>
    <vehicle id="240" depart="96.00">
        <route edges="A0A1"/>
    </vehicle>
    <vehicle id="245" depart="98.00">
        <route edges="B1B0"/>
    </vehicle>
    <vehicle id="246" depart="98.40">
        <route edges="C1B1 B1A1 A1A0"/>
    </vehicle>
    <vehicle id="248" depart="99.20">
        <route edges="C0C1 C1B1 B1B0 B0A0"/>
    </vehicle>
    <vehicle id="250" depart="100.00">
        <route edges="A1A0"/>
    </vehicle>
    <vehicle id="251" depart="100.40">
        <route edges="C0B0"/>
    </vehicle>
    <vehicle id="252" depart="100.80">
        <route edges="A1A0"/>
    </vehicle>
    <vehicle id="253" depart="101.20">
        <route edges="C1C2"/>
    </vehicle>
    <vehicle id="254" depart="101.60">
        <route edges="A1B1"/>
    </vehicle>
    <vehicle id="255" depart="102.00">
        <route edges="B1A1"/>
    </vehicle>
    <vehicle id="258" depart="103.20">
        <route edges="B2A2"/>
    </vehicle>
    <vehicle id="259" depart="103.60">
        <route edges="A0B0"/>
    </vehicle>
    <vehicle id="263" depart="105.20">
        <route edges="B0C0"/>
    </vehicle>
    <vehicle id="264" depart="105.60">
        <route edges="A0B0"/>
    </vehicle>
    <vehicle id="266" depart="106.40">
        <route edges="B1B0"/>
    </vehicle>
    <vehicle id="268" depart="107.20">
        <route edges="B0A0"/>
    </vehicle>
    <vehicle id="271" depart="108.40">
        <route edges="A1A0"/>
    </vehicle>
    <vehicle id="273" depart="109.20">
        <route edges="C0B0"/>
    </vehicle>
    <vehicle id="280" depart="112.00">
        <route edges="C1B1"/>
    </vehicle>
    <vehicle id="285" depart="114.00">
        <route edges="C1B1"/>
    </vehicle>
    <vehicle id="287" depart="114.80">
        <route edges="B2B1"/>
    </vehicle>
    <vehicle id="288" depart="115.20">
        <route edges="C2B2"/>
    </vehicle>
    <vehicle id="289" depart="115.60">
        <route edges="C1B1"/>
    </vehicle>
    <vehicle id="290" depart="116.00">
        <route edges="B2B1"/>
    </vehicle>
    <vehicle id="292" depart="116.80">
        <route edges="B1C1"/>
    </vehicle>
    <vehicle id="294" depart="117.60">
        <route edges="A1A0"/>
    </vehicle>
    <vehicle id="295" depart="118.00">
        <route edges="B0B1"/>
    </vehicle>
    <vehicle id="296" depart="118.40">
        <route edges="B1A1"/>
    </vehicle>
    <vehicle id="299" depart="119.60">
        <route edges="A0A1"/>
    </vehicle>
    <vehicle id="301" depart="120.40">
        <route edges="C2C1"/>
    </vehicle>
    <vehicle id="303" depart="121.20">
        <route edges="C2C1"/>
    </vehicle>
    <vehicle id="304" depart="121.60">
        <route edges="A2B2 B2B1 B1B0"/>
    </vehicle>
    <vehicle id="307" depart="122.80">
        <route edges="C1B1"/>
    </vehicle>
    <vehicle id="309" depart="123.60">
        <route edges="B2B1"/>
    </vehicle>
    <vehicle id="310" depart="124.00">
        <route edges="B2A2"/>
    </vehicle>
    <vehicle id="311" depart="124.40">
        <route edges="B0C0"/>
    </vehicle>
    <vehicle id="313" depart="125.20">
        <route edges="B0B1 B1B0"/>
    </vehicle>
    <vehicle id="314" depart="125.60">
        <route edges="C2B2"/>
    </vehicle>
    <vehicle id="317" depart="126.80">
        <route edges="B0C0 C0C1 C1B1 B1B2"/>
    </vehicle>
    <vehicle id="318" depart="127.20">
        <route edges="B0B1 B1A1 A1A0 A0B0"/>
    </vehicle>
    <vehicle id="319" depart="127.60">
        <route edges="B2B1"/>
    </vehicle>
    <vehicle id="322" depart="128.80">
        <route edges="C2C1"/>
    </vehicle>
    <vehicle id="324" depart="129.60">
        <route edges="C1C0"/>
    </vehicle>
    <vehicle id="325" depart="130.00">
        <route edges="B0B1 B1A1 A1B1"/>
    </vehicle>
    <vehicle id="326" depart="130.40">
        <route edges="C2B2"/>
    </vehicle>
    <vehicle id="327" depart="130.80">
        <route edges="C0C1"/>
    </vehicle>
    <vehicle id="328" depart="131.20">
        <route edges="A2A1"/>
    </vehicle>
    <vehicle id="329" depart="131.60">
        <route edges="A1B1"/>
    </vehicle>
    <vehicle id="333" depart="133.20">
        <route edges="B1B2"/>
    </vehicle>
    <vehicle id="334" depart="133.60">
        <route edges="C1C2"/>
    </vehicle>
    <vehicle id="335" depart="134.00">
        <route edges="C1C0"/>
    </vehicle>
    <vehicle id="339" depart="135.60">
        <route edges="B1A1"/>
    </vehicle>
    <vehicle id="341" depart="136.40">
        <route edges="B0A0"/>
    </vehicle>
    <vehicle id="342" depart="136.80">
        <route edges="A0A1 A1B1 B1C1 C1C2"/>
    </vehicle>
    <vehicle id="343" depart="137.20">
        <route edges="B2C2"/>
    </vehicle>
    <vehicle id="344" depart="137.60">
        <route edges="B1B2"/>
    </vehicle>
    <vehicle id="345" depart="138.00">
        <route edges="C1C2"/>
    </vehicle>
    <vehicle id="349" depart="139.60">
        <route edges="C1B1"/>
    </vehicle>
    <vehicle id="351" depart="140.40">
        <route edges="A2A1"/>
    </vehicle>
    <vehicle id="352" depart="140.80">
        <route edges="B0A0"/>
    </vehicle>
    <vehicle id="354" depart="141.60">
        <route edges="B2C2"/>
    </vehicle>
    <vehicle id="357" depart="142.80">
        <route edges="C2C1"/>
    </vehicle>
    <vehicle id="358" depart="143.20">
        <route edges="A1A2 A2B2 B2C2 C2C1 C1B1"/>
    </vehicle>
    <vehicle id="359" depart="143.60">
        <route edges="B2A2"/>
    </vehicle>
    <vehicle id="360" depart="144.00">
        <route edges="A2B2"/>
    </vehicle>
    <vehicle id="363" depart="145.20">
        <route edges="B2B1"/>
    </vehicle>
    <vehicle id="364" depart="145.60">
        <route edges="A1A2"/>
    </vehicle>
    <vehicle id="366" depart="146.40">
        <route edges="B0B1"/>
    </vehicle>
    <vehicle id="368" depart="147.20">
        <route edges="C2C1 C1B1 B1A1 A1A2 A2B2"/>
    </vehicle>
    <vehicle id="372" depart="148.80">
        <route edges="B2C2"/>
    </vehicle>
    <vehicle id="374" depart="149.60">
        <route edges="C1C2"/>
    </vehicle>
    <vehicle id="376" depart="150.40">
        <route edges="C0C1"/>
    </vehicle>
    <vehicle id="379" depart="151.60">
        <route edges="B0C0"/>
    </vehicle>
    <vehicle id="381" depart="152.40">
        <route edges="B1A1"/>
    </vehicle>
    <vehicle id="383" depart="153.20">
        <route edges="C1C0"/>
    </vehicle>
    <vehicle id="385" depart="154.00">
        <route edges="B1C1"/>
    </vehicle>
    <vehicle id="387" depart="154.80">
        <route edges="A2B2"/>
    </vehicle>
    <vehicle id="389" depart="155.60">
        <route edges="C1C2"/>
    </vehicle>
    <vehicle id="390" depart="156.00">
        <route edges="C2C1"/>
    </vehicle>
    <vehicle id="392" depart="156.80">
        <route edges="B2B1"/>
    </vehicle>
    <vehicle id="393" depart="157.20">
        <route edges="B1C1"/>
    </vehicle>
    <vehicle id="400" depart="160.00">
        <route edges="B2C2"/>
    </vehicle>
    <vehicle id="402" depart="160.80">
        <route edges="C2C1"/>
    </vehicle>
    <vehicle id="405" depart="162.00">
        <route edges="C1C2"/>
    </vehicle>
    <vehicle id="406" depart="162.40">
        <route edges="B0C0"/>
    </vehicle>
    <vehicle id="407" depart="162.80">
        <route edges="B1B2"/>
    </vehicle>
    <vehicle id="408" depart="163.20">
        <route edges="A1A2"/>
    </vehicle>
    <vehicle id="412" depart="164.80">
        <route edges="C2C1"/>
    </vehicle>
    <vehicle id="413" depart="165.20">
        <route edges="A1A0"/>
    </vehicle>
    <vehicle id="415" depart="166.00">
        <route edges="C1C0"/>
    </vehicle>
    <vehicle id="416" depart="166.40">
        <route edges="C1C2"/>
    </vehicle>
    <vehicle id="417" depart="166.80">
        <route edges="C0C1"/>
    </vehicle>
    <vehicle id="425" depart="170.00">
        <route edges="A1A0"/>
    </vehicle>
    <vehicle id="426" depart="170.40">
        <route edges="A2A1"/>
    </vehicle>
    <vehicle id="428" depart="171.20">
        <route edges="C1B1"/>
    </vehicle>
    <vehicle id="429" depart="171.60">
        <route edges="A2B2"/>
    </vehicle>
    <vehicle id="430" depart="172.00">
        <route edges="C1C0"/>
    </vehicle>
    <vehicle id="432" depart="172.80">
        <route edges="A1A2"/>
    </vehicle>
    <vehicle id="433" depart="173.20">
        <route edges="B2C2"/>
    </vehicle>
    <vehicle id="436" depart="174.40">
        <route edges="B0A0"/>
    </vehicle>
    <vehicle id="438" depart="175.20">
        <route edges="B1C1"/>
    </vehicle>
    <vehicle id="439" depart="175.60">
        <route edges="C1C2"/>
    </vehicle>
    <vehicle id="440" depart="176.00">
        <route edges="B2A2"/>
    </vehicle>
    <vehicle id="441" depart="176.40">
        <route edges="A0A1"/>
    </vehicle>
    <vehicle id="443" depart="177.20">
        <route edges="C1C0"/>
    </vehicle>
    <vehicle id="446" depart="178.40">
        <route edges="B2A2"/>
    </vehicle>
    <vehicle id="447" depart="178.80">
        <route edges="B0C0"/>
    </vehicle>
    <vehicle id="448" depart="179.20">
        <route edges="C2B2 B2B1 B1B2"/>
    </vehicle>
    <vehicle id="450" depart="180.00">
        <route edges="B2C2"/>
    </vehicle>
    <vehicle id="452" depart="180.80">
        <route edges="B2B1"/>
    </vehicle>
    <vehicle id="454" depart="181.60">
        <route edges="A1A2"/>
    </vehicle>
    <vehicle id="455" depart="182.00">
        <route edges="C2C1"/>
    </vehicle>
    <vehicle id="463" depart="185.20">
        <route edges="C1C0"/>
    </vehicle>
    <vehicle id="464" depart="185.60">
        <route edges="A2B2"/>
    </vehicle>
    <vehicle id="465" depart="186.00">
        <route edges="B2C2"/>
    </vehicle>
    <vehicle id="466" depart="186.40">
        <route edges="B0B1"/>
    </vehicle>
    <vehicle id="469" depart="187.60">
        <route edges="B2A2"/>
    </vehicle>
    <vehicle id="470" depart="188.00">
        <route edges="C2B2"/>
    </vehicle>
    <vehicle id="478" depart="191.20">
        <route edges="A0B0"/>
    </vehicle>
    <vehicle id="479" depart="191.60">
        <route edges="C1C2"/>
    </vehicle>
    <vehicle id="482" depart="192.80">
        <route edges="B1B2"/>
    </vehicle>
    <vehicle id="483" depart="193.20">
        <route edges="A1A0"/>
    </vehicle>
    <vehicle id="485" depart="194.00">
        <route edges="B1B0 B0B1 B1B2 B2A2 A2A1"/>
    </vehicle>
    <vehicle id="487" depart="194.80">
        <route edges="C0C1"/>
    </vehicle>
    <vehicle id="489" depart="195.60">
        <route edges="C2C1"/>
    </vehicle>
    <vehicle id="490" depart="196.00">
        <route edges="A2B2"/>
    </vehicle>
    <vehicle id="491" depart="196.40">
        <route edges="C1C2"/>
    </vehicle>
    <vehicle id="495" depart="198.00">
        <route edges="A2B2"/>
    </vehicle>
    <vehicle id="496" depart="198.40">
        <route edges="C2C1 C1B1 B1B0 B0C0 C0C1"/>
    </vehicle>
    <vehicle id="497" depart="198.80">
        <route edges="A1A0"/>
    </vehicle>
    <vehicle id="498" depart="199.20">
        <route edges="C1C0"/>
    </vehicle>
    <vehicle id="500" depart="200.00">
        <route edges="A2B2"/>
    </vehicle>
    <vehicle id="502" depart="200.80">
        <route edges="C0B0"/>
    </vehicle>
    <vehicle id="503" depart="201.20">
        <route edges="B0C0"/>
    </vehicle>
    <vehicle id="504" depart="201.60">
        <route edges="C1C2"/>
    </vehicle>
    <vehicle id="506" depart="202.40">
        <route edges="A0B0"/>
    </vehicle>
    <vehicle id="507" depart="202.80">
        <route edges="B1C1"/>
    </vehicle>
    <vehicle id="509" depart="203.60">
        <route edges="A2A1"/>
    </vehicle>
    <vehicle id="510" depart="204.00">
        <route edges="B1A1 A1B1 B1B0"/>
    </vehicle>
    <vehicle id="513" depart="205.20">
        <route edges="A0A1"/>
    </vehicle>
    <vehicle id="515" depart="206.00">
        <route edges="B2A2 A2A1 A1B1 B1B0 B0A0"/>
    </vehicle>
    <vehicle id="516" depart="206.40">
        <route edges="A1A0"/>
    </vehicle>
    <vehicle id="517" depart="206.80">
        <route edges="A0B0"/>
    </vehicle>
    <vehicle id="518" depart="207.20">
        <route edges="B1C1"/>
    </vehicle>
    <vehicle id="519" depart="207.60">
        <route edges="B0A0 A0A1 A1B1"/>
    </vehicle>
    <vehicle id="521" depart="208.40">
        <route edges="C2B2"/>
    </vehicle>
    <vehicle id="524" depart="209.60">
        <route edges="A1A2"/>
    </vehicle>
    <vehicle id="526" depart="210.40">
        <route edges="C1C2"/>
    </vehicle>
    <vehicle id="527" depart="210.80">
        <route edges="A1B1"/>
    </vehicle>
    <vehicle id="528" depart="211.20">
        <route edges="C2B2 B2B1 B1B0 B0C0 C0C1"/>
    </vehicle>
    <vehicle id="529" depart="211.60">
        <route edges="C2C1"/>
    </vehicle>
    <vehicle id="530" depart="212.00">
        <route edges="A2A1"/>
    </vehicle>
    <vehicle id="532" depart="212.80">
        <route edges="A2A1"/>
    </vehicle>
    <vehicle id="535" depart="214.00">
        <route edges="C1C2"/>
    </vehicle>
    <vehicle id="536" depart="214.40">
        <route edges="A2B2"/>
    </vehicle>
    <vehicle id="539" depart="215.60">
        <route edges="B1B0"/>
    </vehicle>
    <vehicle id="540" depart="216.00">
        <route edges="C1C2 C2B2 B2B1 B1B2"/>
    </vehicle>
    <vehicle id="541" depart="216.40">
        <route edges="C1C2"/>
    </vehicle>
    <vehicle id="542" depart="216.80">
        <route edges="A2B2"/>
    </vehicle>
    <vehicle id="543" depart="217.20">
        <route edges="C1B1"/>
    </vehicle>
    <vehicle id="545" depart="218.00">
        <route edges="A2A1"/>
    </vehicle>
    <vehicle id="546" depart="218.40">
        <route edges="A2B2"/>
    </vehicle>
    <vehicle id="547" depart="218.80">
        <route edges="A2B2"/>
    </vehicle>
    <vehicle id="555" depart="222.00">
        <route edges="B1B0"/>
    </vehicle>
    <vehicle id="556" depart="222.40">
        <route edges="B1B0"/>
    </vehicle>
    <vehicle id="562" depart="224.80">
        <route edges="A1A0"/>
    </vehicle>
    <vehicle id="564" depart="225.60">
        <route edges="B2B1 B1B0 B0B1"/>
    </vehicle>
    <vehicle id="566" depart="226.40">
        <route edges="A0A1"/>
    </vehicle>
    <vehicle id="568" depart="227.20">
        <route edges="C0C1"/>
    </vehicle>
    <vehicle id="569" depart="227.60">
        <route edges="A1A0"/>
    </vehicle>
    <vehicle id="570" depart="228.00">
        <route edges="B1B0"/>
    </vehicle>
    <vehicle id="574" depart="229.60">
        <route edges="A1B1"/>
    </vehicle>
    <vehicle id="576" depart="230.40">
        <route edges="B2B1"/>
    </vehicle>
    <vehicle id="577" depart="230.80">
        <route edges="C2B2"/>
    </vehicle>
    <vehicle id="578" depart="231.20">
        <route edges="C1C0 C0B0 B0B1 B1B2 B2B1"/>
    </vehicle>
    <vehicle id="580" depart="232.00">
        <route edges="C1B1"/>
    </vehicle>
    <vehicle id="581" depart="232.40">
        <route edges="C2B2"/>
    </vehicle>
    <vehicle id="582" depart="232.80">
        <route edges="A1A2"/>
    </vehicle>
    <vehicle id="583" depart="233.20">
        <route edges="C0B0"/>
    </vehicle>
    <vehicle id="584" depart="233.60">
        <route edges="A0A1"/>
    </vehicle>
    <vehicle id="585" depart="234.00">
        <route edges="B1A1"/>
    </vehicle>
    <vehicle id="586" depart="234.40">
        <route edges="B2A2"/>
    </vehicle>
    <vehicle id="587" depart="234.80">
        <route edges="A0A1"/>
    </vehicle>
    <vehicle id="588" depart="235.20">
        <route edges="B0B1"/>
    </vehicle>
    <vehicle id="591" depart="236.40">
        <route edges="A2A1"/>
    </vehicle>
    <vehicle id="592" depart="236.80">
        <route edges="A1A2 A2B2 B2B1 B1A1 A1A0 A0B0"/>
    </vehicle>
    <vehicle id="596" depart="238.40">
        <route edges="A0B0"/>
    </vehicle>
    <vehicle id="599" depart="239.60">
        <route edges="A2B2"/>
    </vehicle>
    <vehicle id="600" depart="240.00">
        <route edges="B1C1"/>
    </vehicle>
    <vehicle id="602" depart="240.80">
        <route edges="C0B0"/>
    </vehicle>
    <vehicle id="604" depart="241.60">
        <route edges="B0A0"/>
    </vehicle>
    <vehicle id="608" depart="243.20">
        <route edges="B1B2"/>
    </vehicle>
    <vehicle id="609" depart="243.60">
        <route edges="B0C0"/>
    </vehicle>
    <vehicle id="611" depart="244.40">
        <route edges="B0B1"/>
    </vehicle>
    <vehicle id="612" depart="244.80">
        <route edges="C2C1"/>
    </vehicle>
    <vehicle id="614" depart="245.60">
        <route edges="C1C0"/>
    </vehicle>
    <vehicle id="618" depart="247.20">
        <route edges="A2A1 A1B1 B1C1 C1C0"/>
    </vehicle>
    <vehicle id="619" depart="247.60">
        <route edges="B2B1"/>
    </vehicle>
    <vehicle id="620" depart="248.00">
        <route edges="A1B1"/>
    </vehicle>
    <vehicle id="621" depart="248.40">
        <route edges="C1C2"/>
    </vehicle>
    <vehicle id="622" depart="248.80">
        <route edges="A1B1"/>
    </vehicle>
    <vehicle id="627" depart="250.80">
        <route edges="C1C0"/>
    </vehicle>
    <vehicle id="629" depart="251.60">
        <route edges="C2B2"/>
    </vehicle>
    <vehicle id="630" depart="252.00">
        <route edges="A1B1"/>
    </vehicle>
    <vehicle id="633" depart="253.20">
        <route edges="B0A0"/>
    </vehicle>
    <vehicle id="634" depart="253.60">
        <route edges="B1C1 C1C0"/>
    </vehicle>
    <vehicle id="635" depart="254.00">
        <route edges="C1C0"/>
    </vehicle>
    <vehicle id="637" depart="254.80">
        <route edges="C0C1"/>
    </vehicle>
    <vehicle id="640" depart="256.00">
        <route edges="A2A1 A1A2 A2B2"/>
    </vehicle>
    <vehicle id="647" depart="258.80">
        <route edges="C0B0"/>
    </vehicle>
    <vehicle id="655" depart="262.00">
        <route edges="B0B1 B1B0"/>
    </vehicle>
    <vehicle id="656" depart="262.40">
        <route edges="C2B2"/>
    </vehicle>
    <vehicle id="657" depart="262.80">
        <route edges="B1B2"/>
    </vehicle>
    <vehicle id="661" depart="264.40">
        <route edges="A1A2"/>
    </vehicle>
    <vehicle id="665" depart="266.00">
        <route edges="B0A0"/>
    </vehicle>
    <vehicle id="666" depart="266.40">
        <route edges="C1C0 C0B0 B0C0 C0C1"/>
    </vehicle>
    <vehicle id="667" depart="266.80">
        <route edges="B1C1"/>
    </vehicle>
    <vehicle id="668" depart="267.20">
        <route edges="C1C0"/>
    </vehicle>
    <vehicle id="669" depart="267.60">
        <route edges="C1C0"/>
    </vehicle>
    <vehicle id="674" depart="269.60">
        <route edges="C1C2"/>
    </vehicle>
    <vehicle id="678" depart="271.20">
        <route edges="B2A2"/>
    </vehicle>
    <vehicle id="682" depart="272.80">
        <route edges="B2B1"/>
    </vehicle>
    <vehicle id="684" depart="273.60">
        <route edges="C1B1"/>
    </vehicle>
    <vehicle id="685" depart="274.00">
        <route edges="B1B0 B0C0 C0C1 C1C2"/>
    </vehicle>
    <vehicle id="686" depart="274.40">
        <route edges="A1A0"/>
    </vehicle>
    <vehicle id="687" depart="274.80">
        <route edges="A1B1"/>
    </vehicle>
    <vehicle id="688" depart="275.20">
        <route edges="B1B2"/>
    </vehicle>
    <vehicle id="689" depart="275.60">
        <route edges="A1A0"/>
    </vehicle>
    <vehicle id="695" depart="278.00">
        <route edges="C1C0 C0B0 B0A0 A0A1"/>
    </vehicle>
    <vehicle id="696" depart="278.40">
        <route edges="B2A2"/>
    </vehicle>
    <vehicle id="699" depart="279.60">
        <route edges="B2C2"/>
    </vehicle>
    <vehicle id="700" depart="280.00">
        <route edges="A1A2"/>
    </vehicle>
    <vehicle id="702" depart="280.80">
        <route edges="C1C2"/>
    </vehicle>
    <vehicle id="704" depart="281.60">
        <route edges="A0B0"/>
    </vehicle>
    <vehicle id="705" depart="282.00">
        <route edges="B1C1"/>
    </vehicle>
    <vehicle id="706" depart="282.40">
        <route edges="C1B1"/>
    </vehicle>
    <vehicle id="707" depart="282.80">
        <route edges="B1C1"/>
    </vehicle>
    <vehicle id="709" depart="283.60">
        <route edges="A2A1"/>
    </vehicle>
    <vehicle id="712" depart="284.80">
        <route edges="C0B0"/>
    </vehicle>
    <vehicle id="714" depart="285.60">
        <route edges="B2A2 A2A1 A1A0 A0B0"/>
    </vehicle>
    <vehicle id="718" depart="287.20">
        <route edges="A1A2"/>
    </vehicle>
    <vehicle id="720" depart="288.00">
        <route edges="B0B1"/>
    </vehicle>
    <vehicle id="723" depart="289.20">
        <route edges="A2A1"/>
    </vehicle>
    <vehicle id="724" depart="289.60">
        <route edges="C1C2 C2B2 B2C2"/>
    </vehicle>
    <vehicle id="725" depart="290.00">
        <route edges="A1A2 A2B2 B2B1 B1B0 B0C0"/>
    </vehicle>
    <vehicle id="726" depart="290.40">
        <route edges="A1A2"/>
    </vehicle>
    <vehicle id="728" depart="291.20">
        <route edges="B2A2"/>
    </vehicle>
    <vehicle id="729" depart="291.60">
        <route edges="B0C0"/>
    </vehicle>
    <vehicle id="735" depart="294.00">
        <route edges="C2C1"/>
    </vehicle>
    <vehicle id="736" depart="294.40">
        <route edges="C2C1"/>
    </vehicle>
    <vehicle id="743" depart="297.20">
        <route edges="C1B1"/>
    </vehicle>
    <vehicle id="744" depart="297.60">
        <route edges="A1A2"/>
    </vehicle>
    <vehicle id="746" depart="298.40">
        <route edges="B2B1"/>
    </vehicle>
    <vehicle id="752" depart="300.80">
        <route edges="A1A0"/>
    </vehicle>
    <vehicle id="753" depart="301.20">
        <route edges="A2A1"/>
    </vehicle>
    <vehicle id="759" depart="303.60">
        <route edges="C0B0"/>
    </vehicle>
    <vehicle id="760" depart="304.00">
        <route edges="B1C1"/>
    </vehicle>
    <vehicle id="761" depart="304.40">
        <route edges="C2C1"/>
    </vehicle>
    <vehicle id="763" depart="305.20">
        <route edges="B2A2"/>
    </vehicle>
    <vehicle id="764" depart="305.60">
        <route edges="C1C0"/>
    </vehicle>
    <vehicle id="766" depart="306.40">
        <route edges="C2C1"/>
    </vehicle>
    <vehicle id="767" depart="306.80">
        <route edges="C1C2"/>
    </vehicle>
    <vehicle id="768" depart="307.20">
        <route edges="C1C0"/>
    </vehicle>
    <vehicle id="769" depart="307.60">
        <route edges="A2B2"/>
    </vehicle>
    <vehicle id="771" depart="308.40">
        <route edges="A2A1"/>
    </vehicle>
    <vehicle id="776" depart="310.40">
        <route edges="B1A1"/>
    </vehicle>
    <vehicle id="778" depart="311.20">
        <route edges="A1A0"/>
    </vehicle>
    <vehicle id="784" depart="313.60">
        <route edges="A2A1"/>
    </vehicle>
    <vehicle id="786" depart="314.40">
        <route edges="C1C0"/>
    </vehicle>
    <vehicle id="789" depart="315.60">
        <route edges="B0B1"/>
    </vehicle>
    <vehicle id="790" depart="316.00">
        <route edges="C1B1"/>
    </vehicle>
    <vehicle id="791" depart="316.40">
        <route edges="A1B1"/>
    </vehicle>
    <vehicle id="792" depart="316.80">
        <route edges="B0A0"/>
    </vehicle>
    <vehicle id="796" depart="318.40">
        <route edges="B2A2"/>
    </vehicle>
    <vehicle id="799" depart="319.60">
        <route edges="B0A0"/>
    </vehicle>
    <vehicle id="804" depart="321.60">
        <route edges="A1A0 A0B0 B0B1 B1A1 A1A2"/>
    </vehicle>
    <vehicle id="808" depart="323.20">
        <route edges="C2C1"/>
    </vehicle>
    <vehicle id="809" depart="323.60">
        <route edges="B2C2"/>
    </vehicle>
    <vehicle id="810" depart="324.00">
        <route edges="C2B2"/>
    </vehicle>
    <vehicle id="811" depart="324.40">
        <route edges="B2C2"/>
    </vehicle>
    <vehicle id="812" depart="324.80">
        <route edges="A2A1 A1B1"/>
    </vehicle>
    <vehicle id="813" depart="325.20">
        <route edges="C1C0 C0B0 B0B1 B1C1 C1C2 C2B2"/>
    </vehicle>
    <vehicle id="814" depart="325.60">
        <route edges="B1A1"/>
    </vehicle>
    <vehicle id="820" depart="328.00">
        <route edges="B2B1 B1C1"/>
    </vehicle>
    <vehicle id="821" depart="328.40">
        <route edges="A2B2 B2C2"/>
    </vehicle>
    <vehicle id="823" depart="329.20">
        <route edges="B1C1"/>
    </vehicle>
    <vehicle id="826" depart="330.40">
        <route edges="C2C1"/>
    </vehicle>
    <vehicle id="827" depart="330.80">
        <route edges="C2C1"/>
    </vehicle>
    <vehicle id="828" depart="331.20">
        <route edges="A0B0"/>
    </vehicle>
    <vehicle id="830" depart="332.00">
        <route edges="B1B0"/>
    </vehicle>
    <vehicle id="831" depart="332.40">
        <route edges="A1B1"/>
    </vehicle>
    <vehicle id="832" depart="332.80">
        <route edges="C2C1"/>
    </vehicle>
    <vehicle id="835" depart="334.00">
        <route edges="C1B1"/>
    </vehicle>
    <vehicle id="837" depart="334.80">
        <route edges="C0C1"/>
    </vehicle>
    <vehicle id="838" depart="335.20">
        <route edges="B0C0"/>
    </vehicle>
    <vehicle id="839" depart="335.60">
        <route edges="A2A1"/>
    </vehicle>
    <vehicle id="843" depart="337.20">
        <route edges="C0B0"/>
    </vehicle>
    <vehicle id="846" depart="338.40">
        <route edges="B0C0"/>
    </vehicle>
    <vehicle id="847" depart="338.80">
        <route edges="A1A2"/>
    </vehicle>
    <vehicle id="849" depart="339.60">
        <route edges="C1C2"/>
    </vehicle>
    <vehicle id="852" depart="340.80">
        <route edges="B0A0"/>
    </vehicle>
    <vehicle id="853" depart="341.20">
        <route edges="B2C2"/>
    </vehicle>
    <vehicle id="856" depart="342.40">
        <route edges="B2C2"/>
    </vehicle>
    <vehicle id="860" depart="344.00">
        <route edges="A1A0"/>
    </vehicle>
    <vehicle id="864" depart="345.60">
        <route edges="B0A0"/>
    </vehicle>
    <vehicle id="867" depart="346.80">
        <route edges="A1A0"/>
    </vehicle>
    <vehicle id="869" depart="347.60">
        <route edges="A0B0"/>
    </vehicle>
    <vehicle id="871" depart="348.40">
        <route edges="C0C1"/>
    </vehicle>
    <vehicle id="873" depart="349.20">
        <route edges="A1B1"/>
    </vehicle>
    <vehicle id="874" depart="349.60">
        <route edges="B1A1"/>
    </vehicle>
    <vehicle id="877" depart="350.80">
        <route edges="B0A0"/>
    </vehicle>
    <vehicle id="881" depart="352.40">
        <route edges="B0C0"/>
    </vehicle>
    <vehicle id="882" depart="352.80">
        <route edges="B1C1"/>
    </vehicle>
    <vehicle id="883" depart="353.20">
        <route edges="B1B0"/>
    </vehicle>
    <vehicle id="884" depart="353.60">
        <route edges="B2C2"/>
    </vehicle>
    <vehicle id="885" depart="354.00">
        <route edges="B1A1"/>
    </vehicle>
    <vehicle id="888" depart="355.20">
        <route edges="B2B1"/>
    </vehicle>
    <vehicle id="892" depart="356.80">
        <route edges="B2C2"/>
    </vehicle>
    <vehicle id="894" depart="357.60">
        <route edges="C1C0 C0B0 B0B1 B1B2 B2A2"/>
    </vehicle>
    <vehicle id="895" depart="358.00">
        <route edges="C2B2 B2B1 B1A1"/>
    </vehicle>
    <vehicle id="899" depart="359.60">
        <route edges="B1C1"/>
    </vehicle>
    <vehicle id="901" depart="360.40">
        <route edges="A1B1"/>
    </vehicle>
    <vehicle id="903" depart="361.20">
        <route edges="A0A1"/>
    </vehicle>
    <vehicle id="905" depart="362.00">
        <route edges="C0C1"/>
    </vehicle>
    <vehicle id="906" depart="362.40">
        <route edges="C2B2"/>
    </vehicle>
    <vehicle id="907" depart="362.80">
        <route edges="B0C0"/>
    </vehicle>
    <vehicle id="909" depart="363.60">
        <route edges="A2B2"/>
    </vehicle>
    <vehicle id="912" depart="364.80">
        <route edges="B0B1"/>
    </vehicle>
    <vehicle id="913" depart="365.20">
        <route edges="B0B1"/>
    </vehicle>
    <vehicle id="915" depart="366.00">
        <route edges="C0B0 B0B1 B1B2 B2C2 C2C1"/>
    </vehicle>
    <vehicle id="918" depart="367.20">
        <route edges="A0A1"/>
    </vehicle>
    <vehicle id="921" depart="368.40">
        <route edges="C2C1"/>
    </vehicle>
    <vehicle id="923" depart="369.20">
        <route edges="B0C0"/>
    </vehicle>
    <vehicle id="925" depart="370.00">
        <route edges="C1C2 C2B2 B2A2"/>
    </vehicle>
    <vehicle id="926" depart="370.40">
        <route edges="B0B1"/>
    </vehicle>
    <vehicle id="928" depart="371.20">
        <route edges="B0B1"/>
    </vehicle>
    <vehicle id="932" depart="372.80">
        <route edges="B0B1"/>
    </vehicle>
    <vehicle id="933" depart="373.20">
        <route edges="B1C1"/>
    </vehicle>
    <vehicle id="934" depart="373.60">
        <route edges="B2A2 A2A1 A1B1 B1B2"/>
    </vehicle>
    <vehicle id="937" depart="374.80">
        <route edges="A0A1"/>
    </vehicle>
    <vehicle id="938" depart="375.20">
        <route edges="A1B1"/>
    </vehicle>
    <vehicle id="940" depart="376.00">
        <route edges="C0C1"/>
    </vehicle>
    <vehicle id="943" depart="377.20">
        <route edges="B2C2"/>
    </vehicle>
    <vehicle id="944" depart="377.60">
        <route edges="B1B0"/>
    </vehicle>
    <vehicle id="949" depart="379.60">
        <route edges="B1B0"/>
    </vehicle>
    <vehicle id="950" depart="380.00">
        <route edges="B1C1"/>
    </vehicle>
    <vehicle id="952" depart="380.80">
        <route edges="C1C0"/>
    </vehicle>
    <vehicle id="954" depart="381.60">
        <route edges="A1B1"/>
    </vehicle>
    <vehicle id="958" depart="383.20">
        <route edges="B1A1"/>
    </vehicle>
    <vehicle id="959" depart="383.60">
        <route edges="A2B2"/>
    </vehicle>
    <vehicle id="960" depart="384.00">
        <route edges="C1C2"/>
    </vehicle>
    <vehicle id="961" depart="384.40">
        <route edges="C1C2"/>
    </vehicle>
    <vehicle id="962" depart="384.80">
        <route edges="A1B1 B1C1 C1C2"/>
    </vehicle>
    <vehicle id="964" depart="385.60">
        <route edges="C0B0"/>
    </vehicle>
    <vehicle id="966" depart="386.40">
        <route edges="A1A2"/>
    </vehicle>
    <vehicle id="967" depart="386.80">
        <route edges="A2A1"/>
    </vehicle>
    <vehicle id="968" depart="387.20">
        <route edges="A2A1"/>
    </vehicle>
    <vehicle id="969" depart="387.60">
        <route edges="A1A0"/>
    </vehicle>
    <vehicle id="970" depart="388.00">
        <route edges="C0C1"/>
    </vehicle>
    <vehicle id="978" depart="391.20">
        <route edges="B0B1"/>
    </vehicle>
    <vehicle id="980" depart="392.00">
        <route edges="B1B0 B0A0 A0A1"/>
    </vehicle>
    <vehicle id="981" depart="392.40">
        <route edges="A0B0 B0B1 B1B2 B2C2"/>
    </vehicle>
    <vehicle id="984" depart="393.60">
        <route edges="B1C1"/>
    </vehicle>
    <vehicle id="989" depart="395.60">
        <route edges="A0B0 B0B1 B1A1"/>
    </vehicle>
    <vehicle id="990" depart="396.00">
        <route edges="A1A0"/>
    </vehicle>
    <vehicle id="992" depart="396.80">
        <route edges="A1A2"/>
    </vehicle>
    <vehicle id="993" depart="397.20">
        <route edges="C0C1 C1B1 B1B2"/>
    </vehicle>
    <vehicle id="994" depart="397.60">
        <route edges="B1B0"/>
    </vehicle>
    <vehicle id="995" depart="398.00">
        <route edges="A1B1"/>
    </vehicle>
    <vehicle id="996" depart="398.40">
        <route edges="B2C2"/>
    </vehicle>
    <vehicle id="1001" depart="400.40">
        <route edges="B1B0"/>
    </vehicle>
    <vehicle id="1002" depart="400.80">
        <route edges="A1B1"/>
    </vehicle>
    <vehicle id="1004" depart="401.60">
        <route edges="C1B1"/>
    </vehicle>
    <vehicle id="1005" depart="402.00">
        <route edges="C2C1"/>
    </vehicle>
    <vehicle id="1015" depart="406.00">
        <route edges="B1C1 C1B1 B1A1"/>
    </vehicle>
    <vehicle id="1017" depart="406.80">
        <route edges="A2B2"/>
    </vehicle>
    <vehicle id="1018" depart="407.20">
        <route edges="B0C0"/>
    </vehicle>
    <vehicle id="1019" depart="407.60">
        <route edges="B2B1"/>
    </vehicle>
    <vehicle id="1021" depart="408.40">
        <route edges="B0C0"/>
    </vehicle>
    <vehicle id="1023" depart="409.20">
        <route edges="C2B2"/>
    </vehicle>
    <vehicle id="1025" depart="410.00">
        <route edges="A0B0"/>
    </vehicle>
    <vehicle id="1027" depart="410.80">
        <route edges="C2B2"/>
    </vehicle>
    <vehicle id="1028" depart="411.20">
        <route edges="B1C1"/>
    </vehicle>
    <vehicle id="1029" depart="411.60">
        <route edges="B1A1"/>
    </vehicle>
    <vehicle id="1032" depart="412.80">
        <route edges="B2A2"/>
    </vehicle>
    <vehicle id="1033" depart="413.20">
        <route edges="C2C1"/>
    </vehicle>
    <vehicle id="1034" depart="413.60">
        <route edges="A2B2"/>
    </vehicle>
    <vehicle id="1038" depart="415.20">
        <route edges="B1B0"/>
    </vehicle>
    <vehicle id="1039" depart="415.60">
        <route edges="B2A2"/>
    </vehicle>
    <vehicle id="1043" depart="417.20">
        <route edges="C2C1"/>
    </vehicle>
    <vehicle id="1044" depart="417.60">
        <route edges="B2A2"/>
    </vehicle>
    <vehicle id="1046" depart="418.40">
        <route edges="C2C1"/>
    </vehicle>
    <vehicle id="1047" depart="418.80">
        <route edges="B0A0"/>
    </vehicle>
    <vehicle id="1048" depart="419.20">
        <route edges="B0A0"/>
    </vehicle>
    <vehicle id="1049" depart="419.60">
        <route edges="C2C1"/>
    </vehicle>
    <vehicle id="1051" depart="420.40">
        <route edges="A1B1 B1A1 A1A0"/>
    </vehicle>
    <vehicle id="1054" depart="421.60">
        <route edges="C0C1"/>
    </vehicle>
    <vehicle id="1055" depart="422.00">
        <route edges="B1B2"/>
    </vehicle>
    <vehicle id="1056" depart="422.40">
        <route edges="A0A1"/>
    </vehicle>
    <vehicle id="1059" depart="423.60">
        <route edges="C2B2 B2C2 C2C1"/>
    </vehicle>
    <vehicle id="1060" depart="424.00">
        <route edges="A0A1"/>
    </vehicle>
    <vehicle id="1061" depart="424.40">
        <route edges="A0A1"/>
    </vehicle>
    <vehicle id="1062" depart="424.80">
        <route edges="B2B1"/>
    </vehicle>
    <vehicle id="1063" depart="425.20">
        <route edges="A0B0"/>
    </vehicle>
    <vehicle id="1066" depart="426.40">
        <route edges="A2B2"/>
    </vehicle>
    <vehicle id="1067" depart="426.80">
        <route edges="B0C0"/>
    </vehicle>
    <vehicle id="1068" depart="427.20">
        <route edges="B2B1"/>
    </vehicle>
    <vehicle id="1069" depart="427.60">
        <route edges="C0B0"/>
    </vehicle>
    <vehicle id="1070" depart="428.00">
        <route edges="C0C1"/>
    </vehicle>
    <vehicle id="1071" depart="428.40">
        <route edges="B1B2"/>
    </vehicle>
    <vehicle id="1074" depart="429.60">
        <route edges="A2B2"/>
    </vehicle>
    <vehicle id="1076" depart="430.40">
        <route edges="A1B1 B1B0 B0A0 A0A1"/>
    </vehicle>
    <vehicle id="1077" depart="430.80">
        <route edges="B0A0 A0A1 A1A2 A2B2 B2C2 C2C1"/>
    </vehicle>
    <vehicle id="1078" depart="431.20">
        <route edges="C1B1"/>
    </vehicle>
    <vehicle id="1080" depart="432.00">
        <route edges="A2B2"/>
    </vehicle>
    <vehicle id="1081" depart="432.40">
        <route edges="A1A2 A2B2 B2B1 B1A1"/>
    </vehicle>
    <vehicle id="1083" depart="433.20">
        <route edges="C2B2 B2B1 B1A1 A1A2"/>
    </vehicle>
    <vehicle id="1084" depart="433.60">
        <route edges="A2A1"/>
    </vehicle>
    <vehicle id="1086" depart="434.40">
        <route edges="A1A0"/>
    </vehicle>
    <vehicle id="1089" depart="435.60">
        <route edges="C0B0"/>
    </vehicle>
    <vehicle id="1091" depart="436.40">
        <route edges="B1C1"/>
    </vehicle>
    <vehicle id="1092" depart="436.80">
        <route edges="C0B0"/>
    </vehicle>
    <vehicle id="1096" depart="438.40">
        <route edges="A1B1"/>
    </vehicle>
    <vehicle id="1097" depart="438.80">
        <route edges="C1B1"/>
    </vehicle>
    <vehicle id="1099" depart="439.60">
        <route edges="C0B0"/>
    </vehicle>
    <vehicle id="1100" depart="440.00">
        <route edges="A1A0"/>
    </vehicle>
    <vehicle id="1101" depart="440.40">
        <route edges="B2B1"/>
    </vehicle>
    <vehicle id="1102" depart="440.80">
        <route edges="C2C1"/>
    </vehicle>
    <vehicle id="1103" depart="441.20">
        <route edges="C1B1"/>
    </vehicle>
    <vehicle id="1110" depart="444.00">
        <route edges="A0A1"/>
    </vehicle>
    <vehicle id="1112" depart="444.80">
        <route edges="B2B1"/>
    </vehicle>
    <vehicle id="1113" depart="445.20">
        <route edges="B0B1 B1C1 C1C0"/>
    </vehicle>
    <vehicle id="1114" depart="445.60">
        <route edges="C0C1"/>
    </vehicle>
    <vehicle id="1115" depart="446.00">
        <route edges="A1A0"/>
    </vehicle>
    <vehicle id="1116" depart="446.40">
        <route edges="A2B2"/>
    </vehicle>
    <vehicle id="1118" depart="447.20">
        <route edges="B2C2 C2C1 C1C0 C0B0"/>
    </vehicle>
    <vehicle id="1121" depart="448.40">
        <route edges="B0A0"/>
    </vehicle>
    <vehicle id="1123" depart="449.20">
        <route edges="C2C1"/>
    </vehicle>
    <vehicle id="1124" depart="449.60">
        <route edges="A2A1 A1B1 B1C1 C1B1"/>
    </vehicle>
    <vehicle id="1125" depart="450.00">
        <route edges="C2B2"/>
    </vehicle>
    <vehicle id="1126" depart="450.40">
        <route edges="B2A2"/>
    </vehicle>
    <vehicle id="1127" depart="450.80">
        <route edges="B1C1"/>
    </vehicle>
    <vehicle id="1128" depart="451.20">
        <route edges="B0C0"/>
    </vehicle>
    <vehicle id="1136" depart="454.40">
        <route edges="B1A1"/>
    </vehicle>
    <vehicle id="1138" depart="455.20">
        <route edges="B2C2"/>
    </vehicle>
    <vehicle id="1139" depart="455.60">
        <route edges="C2C1"/>
    </vehicle>
    <vehicle id="1140" depart="456.00">
        <route edges="B1C1"/>
    </vehicle>
    <vehicle id="1141" depart="456.40">
        <route edges="C0B0"/>
    </vehicle>
    <vehicle id="1145" depart="458.00">
        <route edges="C1C2"/>
    </vehicle>
    <vehicle id="1146" depart="458.40">
        <route edges="C1C0"/>
    </vehicle>
    <vehicle id="1147" depart="458.80">
        <route edges="B2C2"/>
    </vehicle>
    <vehicle id="1149" depart="459.60">
        <route edges="C0C1 C1B1 B1B2 B2C2 C2C1"/>
    </vehicle>
    <vehicle id="1150" depart="460.00">
        <route edges="B1C1"/>
    </vehicle>
    <vehicle id="1152" depart="460.80">
        <route edges="A2A1"/>
    </vehicle>
    <vehicle id="1153" depart="461.20">
        <route edges="C2B2"/>
    </vehicle>
    <vehicle id="1154" depart="461.60">
        <route edges="C0C1"/>
    </vehicle>
    <vehicle id="1161" depart="464.40">
        <route edges="A1A2"/>
    </vehicle>
    <vehicle id="1163" depart="465.20">
        <route edges="C0B0"/>
    </vehicle>
    <vehicle id="1164" depart="465.60">
        <route edges="C1B1"/>
    </vehicle>
    <vehicle id="1165" depart="466.00">
        <route edges="A0A1 A1B1 B1B2 B2A2"/>
    </vehicle>
    <vehicle id="1168" depart="467.20">
        <route edges="C1C0 C0B0"/>
    </vehicle>
    <vehicle id="1171" depart="468.40">
        <route edges="A0B0"/>
    </vehicle>
    <vehicle id="1175" depart="470.00">
        <route edges="C1C2 C2B2 B2B1 B1A1"/>
    </vehicle>
    <vehicle id="1176" depart="470.40">
        <route edges="C2B2"/>
    </vehicle>
    <vehicle id="1177" depart="470.80">
        <route edges="C1C0"/>
    </vehicle>
    <vehicle id="1181" depart="472.40">
        <route edges="B0A0"/>
    </vehicle>
    <vehicle id="1182" depart="472.80">
        <route edges="B1C1"/>
    </vehicle>
    <vehicle id="1183" depart="473.20">
        <route edges="B0A0"/>
    </vehicle>
    <vehicle id="1185" depart="474.00">
        <route edges="B1B2 B2B1 B1B0 B0C0 C0C1"/>
    </vehicle>
    <vehicle id="1186" depart="474.40">
        <route edges="B0B1"/>
    </vehicle>
    <vehicle id="1187" depart="474.80">
        <route edges="C1B1 B1A1 A1A0"/>
    </vehicle>
    <vehicle id="1188" depart="475.20">
        <route edges="B0C0"/>
    </vehicle>
    <vehicle id="1189" depart="475.60">
        <route edges="C0B0"/>
    </vehicle>
    <vehicle id="1190" depart="476.00">
        <route edges="B1A1"/>
    </vehicle>
    <vehicle id="1192" depart="476.80">
        <route edges="A2A1"/>
    </vehicle>
    <vehicle id="1193" depart="477.20">
        <route edges="B0B1"/>
    </vehicle>
    <vehicle id="1194" depart="477.60">
        <route edges="C1C2"/>
    </vehicle>
    <vehicle id="1195" depart="478.00">
        <route edges="B2A2"/>
    </vehicle>
    <vehicle id="1201" depart="480.40">
        <route edges="B2C2"/>
    </vehicle>
    <vehicle id="1204" depart="481.60">
        <route edges="B0B1"/>
    </vehicle>
    <vehicle id="1207" depart="482.80">
        <route edges="B0B1"/>
    </vehicle>
    <vehicle id="1210" depart="484.00">
        <route edges="C2C1"/>
    </vehicle>
    <vehicle id="1211" depart="484.40">
        <route edges="C1C2"/>
    </vehicle>
    <vehicle id="1212" depart="484.80">
        <route edges="A1B1"/>
    </vehicle>
    <vehicle id="1213" depart="485.20">
        <route edges="A0A1"/>
    </vehicle>
    <vehicle id="1215" depart="486.00">
        <route edges="C2C1"/>
    </vehicle>
    <vehicle id="1217" depart="486.80">
        <route edges="C2C1"/>
    </vehicle>
    <vehicle id="1218" depart="487.20">
        <route edges="A1A0"/>
    </vehicle>
    <vehicle id="1219" depart="487.60">
        <route edges="B2C2"/>
    </vehicle>
    <vehicle id="1220" depart="488.00">
        <route edges="B2B1"/>
    </vehicle>
    <vehicle id="1221" depart="488.40">
        <route edges="B0A0 A0A1 A1B1 B1C1 C1C2"/>
    </vehicle>
    <vehicle id="1226" depart="490.40">
        <route edges="A1A2"/>
    </vehicle>
    <vehicle id="1230" depart="492.00">
        <route edges="B2C2"/>
    </vehicle>
    <vehicle id="1231" depart="492.40">
        <route edges="C1C0"/>
    </vehicle>
    <vehicle id="1232" depart="492.80">
        <route edges="C1C0"/>
    </vehicle>
    <vehicle id="1234" depart="493.60">
        <route edges="B1B2"/>
    </vehicle>
    <vehicle id="1237" depart="494.80">
        <route edges="B0A0"/>
    </vehicle>
    <vehicle id="1238" depart="495.20">
        <route edges="B1A1"/>
    </vehicle>
    <vehicle id="1239" depart="495.60">
        <route edges="A1B1"/>
    </vehicle>
    <vehicle id="1242" depart="496.80">
        <route edges="B2C2 C2C1 C1B1 B1B2 B2B1"/>
    </vehicle>
    <vehicle id="1244" depart="497.60">
        <route edges="A2B2"/>
    </vehicle>
    <vehicle id="1248" depart="499.20">
        <route edges="B1C1"/>
    </vehicle>
</routes>
